Designator,Mid X,Mid Y,Layer,Rotation
D1, 75.600000mm, 20.400000mm, Bottom, 180
D2, 75.600000mm, 3.400000mm, Bottom, 180
D3, 75.600000mm, -13.600000mm, Bottom, 180
D4, 50.400000mm, 42.600000mm, Bottom, 0
D5, 50.400000mm, 25.600000mm, Bottom, 0
D6, 50.400000mm, 8.600000mm, Bottom, 0
D7, 32.400000mm, 45.600000mm, Bottom, 0
D8, 32.400000mm, 28.600000mm, Bottom, 0
D9, 32.400000mm, 11.600000mm, Bottom, 0
D10, 14.400000mm, 39.600000mm, Bottom, 0
D11, 14.400000mm, 22.600000mm, Bottom, 0
D12, 14.400000mm, 5.600000mm, Bottom, 0
D13, 3.600000mm, 31.400000mm, Bottom, 180
D14, 3.600000mm, 14.400000mm, Bottom, 180
D15, 3.600000mm, -2.600000mm, Bottom, 180
D16, 76.000000mm, 44.000000mm, Bottom, 0
SS1, 54.000000mm, -5.500000mm, Bottom, 0
SB1, 28.000000mm, 50.000000mm, Bottom, 0
JB1, 54.000000mm, 17.500000mm, Bottom, 90
JC1, 36.000000mm, 1.000000mm, Bottom, 90